{"cameraMode":{"drawMode":0,"name":"Shaded","section":"Shading Mode"},"sceneLighting":true,"audioPlay":false,"sceneViewState":{"m_AlwaysRefresh":false,"showFog":true,"showSkybox":true,"showFlares":true,"showImageEffects":true,"showParticleSystems":true,"showVisualEffectGraphs":true,"m_FxEnabled":true},"in2DMode":false,"pivot":{"x":94.93014526367188,"y":11.503676414489746,"z":-17.424678802490236},"rotation":{"x":0.03519193083047867,"y":0.7562733888626099,"z":-0.04013871029019356,"w":0.6523059606552124},"size":51.972232818603519,"orthographic":false}